Grau de instrução;adm.analf;adm.5.inc;adm.5.comp;adm.6.a.9;adm.fund.comp;adm.med.inc;adm.med.comp;adm.sup.inc;adm.sup.comp;TOTAL;desl.analf;desl.5.inc;Ydesl.5.comp;desl.6.a.9;desl.fund.comp;desl.med.inc;desl.med.comp;desl.sup.inc;desl.sup.comp;TOTAL;deslVOLanalf;deslVOL5.inc;deslVOL5.comp;deslVOL6.a.9;deslVOLfund.comp;deslVOLmed.inc;deslVOLmed.comp;deslVOLsup.inc;deslVOLsup.comp;TOTAL
01/01/2000;19081;85841;120865;162058;198416;96610;220440;29208;54066;986585;16710;65204;94100;122112;140256;72265;141219;28462;42090;722418;2482;9798;14072;18909;22635;12569;22548;4064;8031;115108
01/02/2000;18911;94486;128446;169644;203148;104974;263902;52923;130028;1166462;19081;76592;109510;146087;166113;86138;171287;27390;53344;855542;2729;12324;17335;21547;25358;14218;27972;5526;13448;140457
01/03/2000;19882;89157;121053;169616;197753;104381;241547;37947;75967;1057303;23158;84294;116900;155175;178242;88729;175052;27478;47473;896501;2766;12532;18203;22922;26918;14693;29056;5543;11678;144311
01/04/2000;19420;91944;119701;167424;199606;106810;237518;36510;62856;1041789;23405;78156;101857;134807;154792;78885;161749;24951;40862;799464;2533;11716;16636;21370;24849;13677;27266;5156;10175;133378
01/05/2000;25935;150291;165653;189073;215737;112301;244861;35911;58377;1198139;18697;87285;121694;156381;176674;86934;177575;27841;45704;898785;2845;14194;19864;23724;27866;14337;30126;5654;11164;149774
01/06/2000;23247;127695;155739;176805;209464;107574;237396;34036;54642;1126598;16596;84914;116393;146312;166354;83314;170249;25758;47420;857310;2953;17534;21884;22812;26512;14130;28777;5522;10759;150883
01/07/2000;19928;100586;135116;160539;198415;104655;226351;32603;50537;1028730;16852;86014;114416;144072;163195;83095;169236;25970;47961;850811;3513;19485;23889;23958;26511;14729;29675;5615;11141;158516
01/08/2000;20556;97668;130223;175009;216251;115165;255572;36778;66662;1113884;18649;95646;131328;157762;179734;90872;185617;28903;47357;935868;3485;19933;24915;25722;29680;16069;31993;5972;12093;169862
01/09/2000;32247;96053;114441;159794;199500;107807;226575;33305;47035;1016757;19096;95722;123797;139599;158921;81503;164995;24464;42566;850663;3311;16993;21791;22856;27834;14953;29788;5422;9264;152212
01/10/2000;27489;97359;120877;166050;205053;110489;241575;32543;47400;1048835;23277;125606;147863;158935;176844;89030;196271;28681;41961;988468;3883;16196;20964;25476;31896;17341;32975;5411;9451;163593
01/11/2000;17794;79663;112281;160858;206004;114249;250610;31687;38691;1011837;21837;116737;136694;158819;178458;89235;187954;26418;41844;957996;3401;13062;17760;22839;29816;16214;32216;5432;8947;149687
01/12/2000;11261;50848;75660;113777;156852;84524;197143;26787;28954;745806;22703;115992;142496;172377;212577;102808;274798;40754;104379;1188884;3611;13374;18530;22516;29324;16570;38060;7056;16778;165819
01/01/2001;24247;112672;142410;193380;250850;128492;324949;44015;90445;1311460;17428;74747;109076;149417;182358;96133;201436;28453;46838;905886;2900;12174;18078;24409;30362;17281;35531;6537;12136;159408
01/02/2001;22031;91314;123636;169615;213862;113076;317204;51630;124172;1226540;21216;81681;108393;144418;173552;93003;195262;28735;51355;897615;2735;13001;17651;24223;29461;17109;35235;6490;13714;159619
01/03/2001;18800;94440;129675;188205;233607;122587;325346;49048;93403;1255111;30071;98125;129374;172690;205845;108443;232368;35338;56507;1068761;3119;14301;20417;28777;34627;20109;41506;7414;14591;184861
01/04/2001;20783;96890;126863;179776;227943;122183;297627;43797;68739;1184601;20623;81922;111417;152590;182025;96278;207798;30274;47059;929986;2489;12893;18274;25719;30521;17527;37193;6496;12079;163191
01/05/2001;27325;141710;162473;192244;231045;120889;292090;40567;65405;1273748;17694;86506;125353;169595;201517;103001;224535;32541;50215;1010957;3118;15043;20041;25678;31107;17524;37976;6792;12268;169547
01/06/2001;23869;119761;144508;167767;206611;108348;264005;38763;54907;1128539;16567;84017;115327;154391;184670;95126;221161;34299;52749;958307;3260;16840;20012;22957;26975;15239;33632;6078;11408;156401
01/07/2001;21144;105294;130637;168241;212205;109621;267833;35840;55669;1106484;18862;91192;126427;167374;195143;101933;242195;34504;65115;1042745;4230;20862;24205;30916;33079;18941;55407;8240;22397;218277
01/08/2001;19662;96603;127210;173674;219614;118539;285882;42411;75907;1159502;20490;98390;134028;167998;201289;103812;229676;34363;56015;1046061;3425;18757;22128;25645;30906;17197;37906;7025;13485;176474
01/09/2001;33802;98177;113051;158301;201198;109585;262896;36482;55391;1068883;21316;94012;118611;146214;176731;90491;204850;30519;46695;929439;2980;15466;18118;22074;26960;15344;33059;5773;10399;150173
01/10/2001;28698;93523;115480;163892;211076;113201;268805;35113;50134;1079922;23522;102864;120384;155649;185405;96067;215108;29763;44919;973681;3334;14655;18084;23789;29189;16764;36207;5854;10036;157912
01/11/2001;22622;81295;104161;156820;194742;108792;267753;32475;41119;1009779;27954;125418;133938;161076;180065;92629;205804;27696;41853;996433;3002;12262;16484;21582;26841;15470;33656;5304;8769;143370
01/12/2001;10006;47272;72384;111804;148081;81909;210563;24851;26960;733830;25638;132044;149990;179440;214523;105852;307638;47809;108384;1271318;3518;11478;16995;20365;26317;15210;38085;6493;15306;153767
01/01/2002;19981;98601;129961;180607;234779;119614;330826;41384;80012;1235765;17740;72233;100724;142354;175910;94100;217708;28505;46462;895736;2381;10192;15054;21846;27811;15993;34713;6131;12138;146259
01/02/2002;17430;83105;113360;161034;207531;106350;332804;53376;129730;1204720;17527;76588;99182;142176;175417;92476;216730;31010;55081;906187;2389;10921;16234;22568;27295;16202;36856;6494;14671;153630
01/03/2002;20669;90393;121933;177574;233917;123842;354496;50498;96669;1269991;23750;83303;110734;158498;197087;104020;251036;33992;57003;1019423;2459;11966;17816;24646;30410;17455;40768;7113;14003;166636
01/04/2002;23582;122566;144812;196158;238825;126589;348304;45516;81841;1328193;22647;89359;116351;159972;198290;103066;239912;32907;53532;1016036;2653;13283;19277;25998;32384;18124;42787;7486;13992;175984
01/05/2002;26345;135565;158835;184678;225691;122133;325233;41480;68305;1288265;17812;87588;122229;167412;201672;100236;240349;32457;52427;1022182;2799;14757;19101;24410;29373;16206;39493;6686;12996;165821
01/06/2002;19656;108877;134765;159935;206475;108440;295929;37008;61483;1132568;15503;81924;106486;147030;176403;89887;225565;31116;54386;928300;3051;17321;21418;22585;26730;14673;35868;5915;12219;159780
01/07/2002;20574;102435;126225;166018;213221;112827;310140;38451;71201;1161092;17499;88240;119649;159438;192697;99681;243629;32907;59471;1013211;3538;19632;24089;24600;29215;15956;40088;6667;14619;178404
01/08/2002;23459;94982;116277;164554;223277;120018;322607;42787;85516;1193477;20575;94257;124701;157322;194262;99629;250167;34949;59832;1035694;3124;17691;22184;24109;28937;16266;40387;6745;14554;173997
01/09/2002;37801;106236;109659;165642;221012;121219;312955;39250;62220;1175994;17174;89741;116137;145507;178181;91254;226105;29957;46616;940672;3007;15300;18940;23247;29093;16373;38984;6169;11223;162336
01/10/2002;20195;83091;107846;168682;228492;126505;324678;36136;54685;1150310;22217;111615;135567;167916;203729;105188;253540;32226;50473;1082471;3620;14585;18976;24433;32042;18023;42880;6131;11044;171734
01/11/2002;15664;71455;97824;154004;208084;117327;316068;33866;45428;1059720;21797;122917;134794;159922;194159;98205;236978;29795;42912;1041479;2959;11171;15231;21279;27534;16074;37967;5521;9014;146750
01/12/2002;9938;45615;66031;108193;154874;87032;248141;26512;29920;776256;23195;116470;134447;180578;224947;113388;342126;50332;114666;1300149;3283;12809;14499;20855;27560;16087;41791;6716;14937;158537
01/01/2003;14371;97744;115719;169386;233814;120791;355062;39725;90395;1237007;15367;75510;97201;137722;184015;99257;245794;29532;59062;943460;1645;9651;14548;20916;28228;16262;39814;5651;13852;150567
01/02/2003;12838;94707;114709;168326;223416;122719;397559;57495;169711;1361480;22512;89404;103038;147923;187955;101667;269837;33158;71936;1027430;1736;10905;15879;23180;29278;17224;43283;6654;17796;165935
01/03/2003;14027;84529;103037;154301;207496;113564;335740;44311;105967;1162972;18197;85074;105364;155050;202533;107029;267302;30412;63570;1034531;1811;12000;16619;24217;30064;17474;42037;6157;14512;164891
01/04/2003;19471;115145;124551;167821;218944;120107;336920;39779;88692;1231430;12347;77183;98649;146235;187697;97130;252310;29590;61926;963067;2122;11693;15674;22056;27668;15559;38919;6000;13102;152793
01/05/2003;21130;125927;134861;165211;217865;117955;330306;39527;80797;1233579;13496;79068;105876;153623;196628;103447;262923;31538;60556;1007155;2315;13047;16400;21489;26996;15531;39399;5894;12701;153772
01/06/2003;16555;104078;124003;151601;202356;110831;312106;36000;68988;1126518;11829;72664;96276;137998;180016;94222;242847;30188;62597;928637;2517;15151;17596;20324;25974;14691;36878;5429;12613;151173
01/07/2003;15241;97632;116984;149965;205633;112410;317619;36510;72357;1124351;13946;87291;110689;153009;199111;106247;270642;33131;71726;1045792;2750;16070;19282;21309;26609;15355;40478;6102;14341;162296
01/08/2003;17082;86118;106570;156508;211107;119303;339623;42797;97454;1176562;16676;91991;117206;150712;187451;100855;261683;32809;67609;1026992;2347;14221;17529;20210;25368;14258;38071;5693;14446;152143
01/09/2003;33989;110031;102644;156394;215980;120633;344190;40697;79331;1203889;15203;90131;111330;139625;183168;95610;252729;31583;59959;979338;2561;13766;16446;20651;26712;14990;40172;6040;12094;153432
01/10/2003;13749;77081;97432;155117;218762;122745;353866;37888;69615;1146255;16158;101063;118372;149620;191350;100902;262356;30570;57416;1027807;3046;13171;15341;20783;28810;16548;43495;6129;12223;159546
01/11/2003;10332;69008;89025;143653;203187;117724;351528;37381;60597;1082435;17986;111781;123590;149349;183805;97678;258145;29760;51743;1023837;2414;10726;13339;19496;26118;15340;40660;5700;10166;143959
01/12/2003;6384;40556;61635;98593;146604;85980;274142;31081;51430;796405;18227;117053;136333;174924;216108;115747;366911;50440;158780;1354523;2322;10929;13303;19934;26294;15501;45661;7442;20396;161782
01/01/2004;13134;83247;109027;160376;227778;121907;399331;43114;89483;1247397;13978;68047;82196;119797;165375;93964;262477;29572;53608;889014;1950;9526;12695;19270;25739;15675;41830;6092;12940;145717
01/02/2004;11142;80146;105830;156751;215941;122195;404210;58588;179632;1334435;12085;69999;88886;130134;180839;101332;284526;35494;70769;974064;1888;10293;14467;21188;26795;16372;45140;7034;17852;161029
01/03/2004;13018;87741;116751;181145;249180;142847;452592;56047;133966;1433287;22674;86867;108311;158300;215696;118363;326550;37640;73462;1147863;2379;12604;17662;25919;32794;19424;54096;8191;19137;192206
01/04/2004;15613;106379;115335;171135;225999;130029;410978;49682;93765;1318915;18299;89391;94905;145037;189405;103022;298651;35416;65119;1039245;2046;11867;16045;23346;30368;17786;49371;7451;17412;175692
01/05/2004;21864;131337;148125;181425;245232;135992;420574;47132;91389;1423070;11177;71636;95747;141548;194389;101526;294750;34303;66289;1011365;2059;13539;16142;23314;29865;17415;48170;7726;15330;173560
01/06/2004;16207;106758;131724;168956;232225;130554;407398;47425;82861;1324108;11418;70639;96975;141427;193203;104418;299294;36801;67668;1021843;2592;16826;19861;23745;30513;17456;50066;7788;15355;184202
01/07/2004;16796;109686;126490;169017;233927;135153;419007;46994;85754;1342824;11911;76863;100420;143102;191746;106534;306232;37134;74925;1048867;3032;19576;22226;25526;32146;18925;53721;8054;17984;201190
01/08/2004;20436;100385;116336;173215;245726;145324;445465;52533;112154;1411574;14956;83337;109210;149061;196503;109441;317480;39747;70113;1089848;3273;20411;24464;28035;35039;20583;57483;8975;18480;216743
01/09/2004;31355;109328;105764;166899;232888;137831;415868;46352;77544;1323829;14265;88254;114846;141970;190911;104306;293258;34691;57984;1040485;3251;18903;21401;27197;34968;21066;56661;7996;15258;206701
01/10/2004;12962;74581;95035;155258;222733;134152;409205;43491;68063;1215480;14659;87236;109724;144438;194860;109234;322558;35866;63343;1081918;3190;16180;18765;26230;34331;20912;57635;7881;14394;199518
01/11/2004;11453;69868;89529;150664;224704;138019;456636;48745;65023;1254641;16425;103018;118183;157586;206009;112840;333174;38822;60745;1146802;2902;15434;17297;24632;34128;20675;58344;8016;13549;194977
01/12/2004;7245;45864;61033;112094;171812;105682;361736;39299;44803;949568;21481;164296;165626;202942;256064;149164;492147;64001;204079;1719800;2841;15709;17111;24865;35859;22037;69312;11498;25553;224785
01/01/2005;14187;93440;122454;185394;271569;150550;565678;62373;171041;1636686;13381;72682;92675;135332;188353;110367;338514;36981;69311;1057596;2304;11784;15135;24227;33240;21210;58678;8595;18309;193482
01/02/2005;12461;89686;108987;166878;239508;135386;503959;61539;207742;1526146;22187;86031;96288;146442;198006;116948;336530;39439;84346;1126217;2004;12639;16460;25380;33899;21844;61049;9611;28203;211089
01/03/2005;13295;92214;110797;182410;258956;153570;536090;62882;150719;1560933;18595;90046;104882;165278;224518;130745;387911;43473;83123;1248571;2139;14012;18130;28206;38306;24189;69763;10420;22110;227275
01/04/2005;17436;111818;124623;186066;251454;147816;508938;57873;119414;1525438;11275;72394;90835;148640;201396;114854;344152;39567;71883;1094996;2083;14024;17149;26676;36233;22623;67326;9894;20447;216455
01/05/2005;18489;112000;128601;179863;245297;144779;493686;55354;100790;1478859;10795;72371;96303;155778;210865;121032;372329;41641;71917;1153031;2497;15371;17621;26107;34959;21512;65684;9623;19476;212850
01/06/2005;17704;106633;132093;175168;244509;143116;486171;55941;96736;1458071;12049;75811;97690;152085;210481;119487;374378;45785;80798;1168564;2992;18321;20190;26321;34976;21040;65185;9662;19853;218540
01/07/2005;14830;89140;110268;159916;223486;133956;459383;51098;92633;1334710;11923;75488;101783;151415;207759;118887;370946;43900;86836;1168937;3066;18067;21582;25564;33624;20759;64687;9905;22668;219922
01/08/2005;13729;82141;105661;168052;242650;149962;512250;60667;130418;1465530;15727;91873;117795;160401;213922;122165;384552;43834;81131;1231400;2828;17873;21648;27079;35830;22075;69445;10393;22560;229731
01/09/2005;29696;107461;100196;163404;233210;143565;492383;56732;97982;1424629;13598;85368;105493;149176;200941;113746;356182;41578;70612;1136694;2340;13797;17166;23882;33212;20313;64854;9781;18726;204071
01/10/2005;14452;74058;91474;155264;223374;139793;477663;48390;80261;1304729;14122;88010;104721;148983;198117;114521;362265;40159;63302;1134200;2299;12524;15204;22551;32900;20646;63986;9068;17094;196272
01/11/2005;9787;62619;86166;148472;221567;138930;502214;48452;71482;1289689;16453;107807;123029;164780;213628;120681;371657;41424;63997;1223456;2227;10803;14325;22047;32424;20595;65341;9262;16669;193693
01/12/2005;6378;42200;59222;108764;171899;107413;416626;38181;53734;1004417;17525;113386;136899;182357;240498;140892;525426;62856;190230;1610069;1989;11710;13598;22096;32921;21153;78884;14035;36381;232767
01/01/2006;14467;93326;113678;182323;265915;154407;596760;59567;145881;1626324;17602;76582;88322;141968;204952;123918;412240;43452;75906;1184942;1874;10220;14240;23792;34591;21810;71945;10081;20393;208946
01/02/2006;12183;86884;105776;170151;249936;144495;562276;65443;245993;1643137;17975;82652;84634;137599;191803;116716;383599;42319;89611;1146908;1599;10820;13797;23680;34143;21821;72044;10908;32669;221481
01/03/2006;13572;91834;109236;180655;256969;154826;597758;66539;158884;1630273;16043;82338;103986;171581;237895;142383;473794;51561;99027;1378608;2144;13960;17939;29114;40253;25878;84621;11843;25769;251521
01/04/2006;16588;107130;114636;172180;239231;143839;547876;58882;124430;1524792;10188;66627;83740;141780;199057;117690;399647;42642;73933;1135304;1857;12130;14617;23218;33533;21551;71270;9936;21120;209232
01/05/2006;20297;115403;129663;181024;253734;149120;559711;59321;117001;1585274;11838;74927;98537;159972;223434;129187;437360;48251;83119;1266625;2367;14744;16929;25898;36186;22274;76597;10650;22186;227831
01/06/2006;16501;100764;126023;169571;232163;137124;512613;52672;105786;1453217;11595;71697;93512;148881;208195;123176;424043;45117;87939;1214155;2616;15477;18357;24364;32848;20561;74466;10298;22327;221314
01/07/2006;14134;89446;106948;167269;233192;140486;524014;55551;106442;1437482;11622;73353;93419;147443;207249;123236;422948;45689;94807;1219766;2869;17270;20759;26028;34060;21257;75325;10578;25425;233571
01/08/2006;15551;85232;100984;171986;248803;154106;573213;64979;144025;1558879;15224;88746;107689;164467;224635;131563;454246;49373;92943;1328886;2853;17910;21984;28462;37556;23207;81821;11312;26067;251172
01/09/2006;24379;99507;94613;163150;232563;145999;532604;61254;115823;1469892;12406;79612;104022;150192;199267;118175;409429;49716;90306;1213125;2412;14127;17306;24798;34221;21505;74419;9938;20217;218943
01/10/2006;13559;72809;85947;161429;236909;150652;556879;53921;91800;1423905;14290;89298;106282;155158;210401;124589;427265;44446;73231;1244960;2503;12777;15741;25219;35996;23149;79520;10066;19046;224017
01/11/2006;9689;61717;85436;155679;228869;147508;574702;53124;83891;1400615;16004;111121;121476;168735;221603;128927;439473;47490;79372;1334201;2103;11420;14236;23842;34444;22768;78489;10258;18486;216046
01/12/2006;6730;42851;58739;110172;172350;111181;470729;43280;55894;1071926;17314;120424;141967;190737;248637;151268;597660;68978;263976;1800961;2055;11589;13405;22631;34463;22654;90678;15981;41931;255387
01/01/2007;13696;100809;110752;184767;276022;159303;659893;65843;150536;1721621;14545;72952;86753;141053;210430;131896;483096;49337;89635;1279697;2059;11325;14681;25543;38469;25021;86019;11133;22921;237171
01/02/2007;11431;84797;101976;170634;257232;147271;615794;71678;255897;1716710;16064;78906;85514;144000;206029;126664;453352;46645;96906;1254080;1844;11828;15112;26212;37128;24546;86482;11223;29380;243755
01/03/2007;13676;94991;109786;189590;276414;169334;676945;71917;178624;1781277;17145;89106;99381;169789;240659;145271;509278;52906;101289;1424824;2049;14423;18023;30619;43726;28763;102293;13523;30075;283494
01/04/2007;18585;113667;125410;192222;272448;162817;671752;74950;136750;1768601;12954;75934;88862;153934;212217;127910;467217;46918;85802;1271748;2091;14471;17103;28587;40872;26701;94391;11884;25061;261161
01/05/2007;19248;118893;132949;191944;268315;161869;652909;66352;126549;1739028;11646;77036;99542;166133;239838;143421;529724;54195;103074;1424609;2570;16569;18928;29698;41357;26744;97932;12434;26781;273013
01/06/2007;17409;103132;121792;179287;255349;156434;616933;62825;116715;1629876;12936;84648;99514;161492;224279;134752;497552;50322;101099;1366594;2862;16537;20332;28921;38985;25083;92473;11746;24967;261906
01/07/2007;15971;95778;107741;177127;255473;160341;637657;62125;123289;1635502;12900;80754;101476;160954;230504;141832;507871;52213;112001;1400505;2936;16417;21387;30427;42306;27526;101062;12805;28995;283861
01/08/2007;15857;89119;100817;178067;266073;173173;672814;68694;157087;1721701;14308;88871;114702;172740;242867;147901;545195;57516;109430;1493530;2589;15372;19802;30282;43947;28639;108131;13794;31296;293852
01/09/2007;25044;103303;93542;174064;258191;167191;653987;65541;122259;1663122;12348;73966;94762;151367;218038;133334;483986;48974;86614;1303389;2308;13398;16619;27923;41110;27543;101520;12477;25164;268062
01/10/2007;12734;76646;94339;180290;273796;178274;708458;65631;110491;1700659;13056;81961;96121;164027;239779;147042;539198;53383;91163;1425730;2734;14156;17513;30635;45972;31389;116527;13739;25644;298309
01/11/2007;10447;62094;87757;164473;254253;169644;705388;61119;92039;1607214;14723;94861;105177;170843;233607;141416;515746;49527;83709;1409609;2367;12061;15314;28060;42292;29163;108486;12565;22888;273196
01/12/2007;6947;49594;62434;121824;191534;130705;580196;49419;66270;1258923;18622;141331;152642;204153;267153;165673;644006;66436;238070;1898086;2149;11921;14096;25917;39831;27402;108619;16005;35694;281634
01/01/2008;14138;97190;120760;202850;305606;180210;767154;71029;163547;1922484;13208;70779;90529;163031;239330;154438;593214;54314;111930;1490773;2319;12186;16492;31457;46713;32239;117581;13754;29064;301805
01/02/2008;12941;96300;115220;198589;289974;178521;749213;78470;305934;2025162;14843;78777;92454;163819;239053;152139;571773;57551;120663;1491072;2142;13830;18689;33547;48755;33479;123461;15519;44685;334107
01/03/2008;13009;91667;113191;207161;301257;189672;791968;79654;190455;1978034;18630;91440;101909;174258;252520;159621;604851;57352;108990;1569571;2295;14605;19194;35245;51107;35411;133420;16067;34291;341635
01/04/2008;15445;108028;129738;214287;309955;190195;801721;77121;168157;2014647;15284;83967;99266;178073;260975;157133;600307;58621;109602;1563228;2462;15783;20146;37616;55391;36082;140566;16501;35497;360044
01/05/2008;15311;97182;120154;196659;282091;178155;756209;70513;143354;1859628;13728;78274;98754;174600;252670;155417;594099;56595;103932;1528069;2487;14905;20046;35105;49720;33358;130025;15111;31052;331809
01/06/2008;16596;110105;137174;215865;305344;190716;790904;73468;144695;1984867;11521;76299;99196;170967;249128;155941;612127;58583;117212;1550974;2859;17954;23070;37309;52547;35155;139194;16249;33716;358053
01/07/2008;16459;99664;123460;212504;308355;198804;821648;77698;156723;2015315;11995;80293;106246;184762;273384;169532;653091;64698;134475;1678476;2919;19889;26372;40954;57694;39395;151742;17781;40763;397509
01/08/2008;14395;89998;106691;201677;300188;197671;799930;78210;178381;1967141;12849;80077;106296;184246;260734;162847;636565;60317;119192;1623123;3231;19655;25683;40848;57367;39273;151876;17000;37520;392453
01/09/2008;26549;109829;108592;213976;306930;204503;827870;76781;147686;2022716;12848;85685;113627;190504;268855;166804;647141;63233;113077;1661774;3108;19353;25168;42889;61272;42359;160338;17474;33131;405092
01/10/2008;13653;78515;96973;194004;291325;194224;809295;77685;134178;1889852;14756;95661;119861;209638;292599;179689;690023;65514;115794;1783535;3221;17467;22958;41947;61334;42736;162461;17299;31869;401292
01/11/2008;10079;64638;82999;169726;255382;174938;751960;69018;102826;1681566;14632;95943;119471;202953;277624;170923;657626;59130;102960;1701262;2489;13422;17848;33804;48792;35026;131882;13997;25868;323128
01/12/2008;5787;38616;50707;111520;173844;124294;581477;50156;67690;1204091;21165;154714;177795;257164;341990;210185;915229;91343;336114;2505699;2166;13748;16586;30386;46385;32929;136180;16075;41717;336172
01/01/2009;12919;89743;109431;191154;298443;178062;853002;84142;231568;2048464;12701;72853;94549;171664;252476;165189;673454;62142;125238;1630266;2070;11709;15620;31097;46483;34281;124161;15435;34716;315572
01/02/2009;11027;79788;96514;174343;266412;167745;758616;84501;329585;1968531;12832;72574;95648;170352;252950;161208;630488;60359;132138;1588549;1813;11103;15797;29424;42528;31469;117125;14019;42552;305830
01/03/2009;12995;101852;118850;200900;294526;190739;839827;84666;220955;2065310;19924;98385;106489;188898;272796;173008;676922;62300;124272;1722994;1982;13039;17436;33215;48792;35032;134480;14975;33578;332529
01/04/2009;12450;95463;109980;186573;266284;170080;755647;70888;164465;1831830;16767;85134;93218;171959;247949;156193;634578;57398;113252;1576448;2025;13014;15719;29914;43161;30886;121457;13151;28981;298308
01/05/2009;12884;92592;110426;180104;264758;167330;746954;77660;165777;1818485;10297;69274;91637;167149;247305;153939;625951;68947;125658;1560157;1975;13094;16207;29146;42651;30289;128260;13756;29436;304814
01/06/2009;14673;93076;108045;180007;264303;165115;745749;68499;135080;1774547;10714;74053;93244;168514;247897;153957;629764;58833;119664;1556640;2010;14408;17704;29803;42769;29670;124177;13500;28706;302747
01/07/2009;13410;95598;103132;179251;277627;175237;771241;69934;144296;1829726;11008;73960;97474;170089;248749;159367;645246;61501;137316;1604710;2338;15293;19582;31476;45346;31809;131319;14937;34666;326766
01/08/2009;14013;90516;98283;182410;283987;188487;821268;75519;177462;1931945;12022;80830;98125;166602;241744;154576;639297;59644;121682;1574522;2322;14428;18587;30545;45855;32327;136213;14374;32102;326753
01/09/2009;24563;107676;99294;189494;285319;193920;844541;75687;148808;1969302;10748;76434;99252;169146;252441;156955;653345;61264;116008;1595593;2211;14100;17815;31696;49290;34774;145596;15341;29777;340600
01/10/2009;13396;80500;89760;178650;282215;189099;844954;69944;127307;1875825;11021;73167;90374;165952;245855;156324;656624;59159;110442;1568918;2349;13437;16553;31660;48632;35168;148490;15393;28974;340656
01/11/2009;10377;70731;84676;170237;273843;186954;891402;69620;116376;1874216;10851;73630;87367;164367;240003;155276;653624;59454;111304;1555876;2096;12732;15799;31166;49031;35566;150443;15122;26057;338012
01/12/2009;7077;47318;55654;120191;200646;139729;718407;56176;92205;1437403;17889;129074;149832;216128;300373;193655;878806;85547;311324;2282628;2172;12945;14935;29564;47206;34989;154793;16985;35644;349233
01/01/2010;13025;93903;107094;200441;314847;195809;954694;77109;193592;2150514;10727;69334;86593;152604;244139;160415;702272;57289;119908;1603281;2183;12569;15819;32713;52484;38333;158321;15672;36541;364635
01/02/2010;11777;93179;101055;189616;300694;192692;922161;83374;309285;2203833;14213;76703;87947;162575;248698;164411;707574;61587;128079;1651787;1922;12760;16415;34295;53584;39719;165126;17345;41104;382270
01/03/2010;13751;112096;121134;225434;353061;231781;1104710;108128;258572;2528667;18908;98326;103758;194817;295386;194310;826773;72117;145310;1949705;2285;15409;19639;40514;63736;46663;199937;21249;46850;456282
01/04/2010;14021;103470;111410;207243;309271;208670;974308;82929;191620;2202942;14827;83023;88596;172092;262410;169024;748273;64473;128628;1731346;2063;15201;18374;37727;57396;41537;181377;18876;41779;414330
01/05/2010;16776;118063;123579;205907;317486;208852;971374;81597;181149;2224783;11547;82293;92846;178008;272327;176973;772269;66693;132819;1785775;2297;16230;19984;38594;58289;42101;183825;18797;40417;420534
01/06/2010;14953;109938;112535;198051;303064;200124;934334;77586;168534;2119119;11620;83312;94927;177329;268526;177508;780677;68048;145427;1807374;2721;17335;21204;38029;57763;40632;181188;18370;38971;416213
01/07/2010;12858;99902;100792;195648;312949;208326;1015147;103636;189622;2238880;11557;87378;99443;183170;274903;182641;792626;69853;153772;1855343;2810;18297;22366;39863;60281;42762;189796;18913;43175;438263
01/08/2010;13969;98702;99424;202372;322902;229194;1051205;100829;226915;2345512;12159;87277;101060;187004;281495;183874;810319;72547;149222;1884957;2494;17333;21380;40476;63386;45921;205150;21913;47467;465520
01/09/2010;22978;116144;95521;194353;303254;220848;984340;81723;171670;2190831;12005;87084;102577;185732;286026;184231;824533;82937;136323;1901448;2405;16439;19470;40020;65405;46977;214598;24683;42138;472135
01/10/2010;12937;89096;91142;185187;296331;215216;978071;74417;147733;2090130;12144;93947;98661;184163;287575;181083;831162;80769;130620;1900124;2421;16126;17686;38212;62992;46010;210260;23020;38131;454858
01/11/2010;10464;82533;84000;179242;287560;217217;1010634;73610;131033;2076293;14092;107231;110888;192502;287433;188859;822457;75657;123362;1922481;2297;15058;16624;37404;59792;45547;198096;18584;33203;426605
01/12/2010;7205;56821;59371;130826;216486;167475;831649;59352;96127;1625312;17458;121628;133743;219979;319752;225924;1050008;109449;378284;2576225;2364;15132;16477;36231;59318;47306;207628;20165;45828;450449
01/01/2011;11384;104327;105980;209901;329633;223802;1106964;85867;240995;2418853;11509;79357;82004;170314;262882;189415;843744;64228;138812;1842265;2172;16322;17980;42148;66368;51510;217137;19240;42485;475362
01/02/2011;11043;108618;106333;216544;342383;244197;1165500;101770;428796;2725184;10140;78681;90764;180679;285602;201836;890131;75113;171525;1984471;2201;17003;19958;44681;69323;54999;234725;23074;57448;523412
01/03/2011;10471;98985;103381;203171;318507;233994;1081660;88112;242846;2381127;15199;101518;101739;203343;315453;220030;957662;78163;157598;2150705;2260;17704;19808;46020;71092;55271;240939;22942;49042;525078
01/04/2011;12629;110551;113024;212934;325553;237861;1120862;89684;212200;2435298;14708;93011;88244;183262;275277;192652;872369;68767;143689;1931979;2183;16968;19384;43493;66143;51425;228220;21261;45105;494182
01/05/2011;16811;126585;124465;217592;334401;236039;1104977;86354;203702;2450926;10883;88383;96793;194380;299894;208011;935375;73239;150913;2057871;2397;18933;21952;45767;70090;53993;239850;21738;47132;521852
01/06/2011;14512;116153;113150;207833;311109;221455;1034625;79833;177129;2275799;9989;85329;91751;181674;279792;197185;889890;70342;151763;1957715;2519;19203;21746;42829;64986;49904;221486;20198;45037;487908
01/07/2011;12364;98059;96131;194230;300147;222907;1025635;77305;175143;2201921;10695;90086;94714;183995;279237;198098;887740;70135;161278;1975978;2513;19518;21786;42388;65544;50504;224967;20233;47349;494802
01/08/2011;14164;104950;98257;204545;321656;245488;1117312;92107;241602;2440081;11737;95639;104919;203113;296760;212303;934880;75116;166035;2100502;2611;20080;22644;45800;71753;56663;247333;22553;51174;540611
01/09/2011;19066;110606;97658;193377;303228;231653;1072172;83746;189300;2300806;11019;89255;99334;187517;279063;200499;891015;70503;143726;1971931;2448;18369;20229;44067;68959;54308;238733;20774;43005;510892
01/10/2011;11216;86331;86954;179575;288707;222798;1040631;77328;159151;2152691;11199;94916;99450;184377;274966;195297;880233;68620;134562;1943620;2650;18136;18727;41449;67248;53571;237395;19830;39361;498367
01/11/2011;9092;76413;80584;174196;281096;218042;1072001;75315;141303;2128042;12294;101223;104437;198550;289586;204220;891422;66645;131249;1999626;2261;16450;18190;40155;65970;52924;233470;19813;37204;486437
01/12/2011;6514;57893;61259;132750;216613;174473;870363;60429;102576;1682870;12836;110518;114619;215375;313383;236287;1103534;102199;434359;2643110;2295;16702;18036;40025;64585;54456;242735;22304;58351;519489
01/01/2012;12333;106285;102748;211865;348334;240508;1185368;88096;254679;2550216;8918;76578;79983;169944;270800;204484;935832;68647;161137;1976323;2102;17032;19172;44601;71850;59359;250920;20903;47812;533751
01/02/2012;9869;95136;93680;197567;316877;230598;1131148;98928;427748;2601551;12591;83629;83398;173013;271007;203404;916273;69193;167546;1980054;2112;16988;19076;45199;70273;58914;250840;21692;57126;542220
01/03/2012;10277;95640;96065;216490;335161;259236;1244503;94738;272790;2624900;17773;107439;100419;203022;309889;229284;1036863;78684;179714;2263087;2362;18760;21385;50093;77636;64313;279911;24908;58123;597491
01/04/2012;11553;97613;96794;203306;305241;235999;1150560;88063;227958;2417087;13088;91181;84310;178214;270386;198940;945959;71043;159341;2012462;1921;17063;18991;44538;69999;57403;254526;22081;51894;538416
01/05/2012;13878;107253;109105;206010;310998;233737;1145248;85191;210480;2421900;10489;85849;92429;190436;296122;215338;994076;74554;163539;2122832;2019;18009;20360;45783;70856;57849;257462;22016;49979;544333
01/06/2012;13662;108378;100684;196475;294909;222655;1085161;80425;199394;2301743;9714;85584;88229;181938;276426;207149;956524;71383;165067;2042014;2169;17865;19710;42210;64984;53534;242393;20759;48617;512241
01/07/2012;11959;97566;92301;195486;300159;238214;1119896;80539;207936;2344056;9803;85024;87558;183595;283256;210738;967007;70979;186431;2084391;2457;19972;22222;45942;71090;57972;260133;21535;54030;555353
01/08/2012;12100;92359;87893;194161;307553;249274;1150825;91652;241661;2427478;11304;92181;97294;194309;296146;220731;1012454;76048;175720;2176187;2574;20179;22188;47610;73847;61884;274417;22632;55511;580842
01/09/2012;17076;97428;80923;180768;273949;225990;1065645;81484;177534;2200797;9989;83844;87482;174079;261567;199172;913110;67509;140644;1937396;2211;17064;18747;42949;67008;56359;249266;19757;41787;515148
01/10/2012;11166;86627;81969;184422;288767;251741;1123073;78721;167612;2274098;10971;94013;96322;195104;296903;220937;1054602;78761;166775;2214388;2364;18324;19663;45907;73102;61812;274007;21453;43745;560377
01/11/2012;8911;72406;69746;167477;264829;223377;1109007;71485;140738;2127976;11524;95026;92226;189193;280929;207787;956543;68011;151155;2052394;2046;15534;16748;39710;64217;54796;245573;18974;38211;495809
01/12/2012;5576;46386;45866;117158;194660;167402;877149;55386;102812;1612395;13230;118234;121921;226864;336396;258280;1265000;116734;468610;2925269;1810;15168;16010;37872;61978;54593;251032;22125;58153;518741
01/01/2013;11057;106834;102803;223924;358745;264474;1399834;98146;354237;2920054;11273;83347;82570;177754;286415;221454;1063032;73543;189416;2188804;1984;16668;18429;46510;75597;64605;277809;21402;54803;577807
01/02/2013;9780;96148;87098;193915;314459;240030;1220173;99889;458371;2719863;12148;83420;77800;172411;270539;210354;976469;69042;189964;2062147;1803;15463;16908;42943;68377;59737;261288;21228;61302;549049
01/03/2013;9892;97313;90308;208740;376127;258274;1304584;95594;308306;2749138;14264;96671;84809;188996;291155;224720;1064042;74756;191393;2230806;2051;17203;17847;44438;71285;62697;280584;22920;58860;577885
01/04/2013;11820;101820;92505;210482;322619;251845;1286714;93522;267180;2638507;11485;88406;81765;186770;286672;222422;1057136;75906;185723;2196285;1953;16986;18124;46027;72896;63679;286338;23167;57007;586177
01/05/2013;11531;95708;89113;192689;295465;232945;1191189;86233;234208;2429081;9518;82488;82961;184136;287523;221316;1061473;74687;184284;2188386;1963;16484;17640;43106;68184;58882;272618;22038;54021;554936
01/06/2013;12522;100597;87090;188317;285446;223434;1139734;77518;200796;2315454;9479;80413;79155;173589;270485;212579;1012899;73781;186727;2099107;2036;16157;17228;40509;64083;55490;255575;20346;49926;521350
01/07/2013;11274;91449;77634;184144;285631;235350;1157988;82194;214230;2339894;9376;81370;81693;182077;285519;220187;1062378;73767;201693;2198060;2197;17436;18541;43133;68027;58709;273161;21399;55403;558006
01/08/2013;10458;86690;76453;182928;303790;242566;1201091;88058;260154;2452188;9543;86021;83073;182110;281321;214628;1040080;73308;190067;2160151;2078;17775;17436;42641;67756;58420;271884;21615;57019;556624
01/09/2013;15365;100373;75813;185385;285602;239387;1174064;83391;215064;2374444;9110;80486;77690;170379;265495;207510;994013;69374;171579;2045636;1879;16146;15897;40010;65340;57106;262889;20226;48389;527882
01/10/2013;12752;88334;73402;181756;289440;244863;1203038;81762;199774;2375121;9673;85749;83147;181714;287481;221134;1078869;72607;182462;2202836;2068;16338;16231;41031;67278;60041;277712;20938;48146;549783
01/11/2013;9243;71387;63404;159014;254859;219510;1149189;75080;164887;2166573;10547;88541;82635;176911;272432;208105;989992;66664;156918;2052745;1810;13853;14187;36091;58187;53430;246225;18576;41056;483415
01/12/2013;5805;46692;43078;110963;181126;161854;880229;54858;113259;1597864;12595;103939;94189;196486;309835;244898;1200413;107909;488249;2758513;1755;13470;13404;34183;55323;53457;247621;19915;53943;493071
01/01/2014;11768;96569;81757;196287;315185;242952;1318107;89052;328325;2680002;9325;71158;65679;152588;251472;209607;1012160;65379;172060;2009428;2088;15794;15718;42527;69876;65565;291503;21397;55410;579878
01/02/2014;10339;94477;79533;202222;315635;265703;1368969;107992;494770;2939640;9734;75680;68436;164715;265252;217836;1051351;73039;201720;2127763;1917;15171;15938;43286;67640;65026;292271;23639;69406;594294
01/03/2014;8710;75320;67403;169571;327108;227768;1183203;84297;281725;2425105;11625;84109;71539;174596;280338;226087;1094637;74333;213115;2230379;1884;15484;15407;41589;67019;61395;285225;22500;62263;572766
01/04/2014;9895;83818;73981;178186;277090;232699;1241506;86500;257376;2441051;12903;84528;71225;168117;264584;214166;1083362;72525;193027;2164437;2027;15317;14829;40002;63686;58626;277164;21854;59541;553046
01/05/2014;12358;93219;83196;180264;278902;228795;1207384;81554;231496;2397168;11108;81819;75809;176801;275429;222346;1107076;73671;187248;2211307;1915;14724;15283;38797;61947;56263;273248;21379;56514;540070
01/06/2014;10678;85669;73816;160470;248250;205338;1066593;72717;199436;2122967;8899;74134;69973;161673;253490;204369;1017453;69596;196933;2056520;1956;13991;14428;34779;55181;49456;240913;18438;52697;481839
01/07/2014;9727;81105;67746;167938;262458;229746;1212328;81192;249698;2361938;9289;79260;72772;166911;264228;222263;1137786;75133;220305;2247947;1948;15003;14920;37312;59165;54065;259218;20455;63753;525839
01/08/2014;10170;80966;65387;170045;267086;229011;1169893;83915;258733;2335206;9616;78273;72611;167364;260482;210450;1040983;72590;197714;2110083;1988;14769;14369;36819;58513;53980;260901;20966;60158;522463
01/09/2014;14947;92091;64126;166478;261132;230503;1195019;85301;224711;2334308;8778;75702;71237;167442;256747;213526;1047829;70538;183388;2095187;1834;14762;14149;38002;60072;55523;268372;20597;53528;526839
01/10/2014;9449;72901;60618;158150;249439;222481;1163635;77139;191207;2205019;9465;83261;75634;174486;269034;219349;1108212;75381;184865;2199687;2000;15258;13950;37580;60888;56050;278448;20595;51180;535949
01/11/2014;8385;63987;54793;146608;232820;211937;1133770;73929;165686;2091915;10205;84444;73193;168222;259517;206017;1039769;69090;176348;2086805;1684;12385;11670;31872;51522;48589;238593;17704;42629;456648
01/12/2014;4681;38737;34831;95350;160165;149534;864068;53914;112857;1514137;10599;95420;83801;187606;303558;249569;1300188;112933;535154;2878828;1465;11930;11730;30600;51063;49874;249279;20124;58895;484960
01/01/2015;10460;82012;68745;167731;285229;209898;1219263;83848;305750;2432936;7681;64216;56858;142019;242774;194500;1003680;67105;195840;1974673;1744;13826;13303;37168;60965;57409;269249;19693;52989;526346
01/02/2015;8267;70013;58931;151882;253260;218417;1171556;90081;444053;2466460;10597;72047;61816;147559;254664;199901;1031253;69292;195045;2042174;1600;12093;12371;34881;54373;53166;253824;20172;61149;503629
01/03/2015;8469;68940;58655;155252;282269;216583;1236417;91865;308792;2427242;11012;75343;66711;162726;257287;213889;1102539;75342;210050;2174899;1730;12524;12770;35634;57156;54150;266460;21370;59921;521715
01/04/2015;8467;64718;55152;138969;223888;192021;1073963;76606;222760;2056544;12388;78613;61131;150847;236357;193843;1048619;69900;190576;2042274;1736;11776;11535;30676;50132;46961;235675;18959;50820;458270
01/05/2015;9151;67921;59932;132369;213547;178415;1037657;74703;204367;1978062;10840;73463;61247;149672;235330;191089;1043720;70744;193463;2029568;1509;10496;10751;27393;44333;41110;213109;17143;47254;413098
01/06/2015;9463;70975;59356;130976;209656;170708;995766;69209;189240;1905349;8589;66763;58831;141429;227596;186766;1005340;69943;193078;1958335;1674;10045;10556;25581;42115;38610;201316;16567;45447;391911
01/07/2015;8892;63614;52163;123191;202073;172675;963077;66236;203233;1855154;8481;65090;60167;139889;226139;192049;1009784;70621;232147;2004367;1586;10218;10526;24690;40207;37494;195385;16411;50437;386954
01/08/2015;8630;58873;45776;118982;198953;167538;957322;71946;244172;1872192;8274;64612;59858;136067;217812;174288;941365;65007;194762;1862045;1470;9621;9753;23040;38182;34693;185073;15082;46644;363558
01/09/2015;12594;67631;44997;113626;188604;156837;920936;66280;188998;1760503;7731;61740;56740;133820;215680;175064;952788;67143;189251;1859957;1347;9307;8828;21396;36238;33040;177882;14506;41429;343973
01/10/2015;8388;52944;41036;104819;177398;153955;905099;61481;165501;1670621;8422;63227;57084;133294;207742;168782;929910;63370;184063;1815894;1379;8485;8289;19874;34321;31655;173279;13824;36598;327704
01/11/2015;6018;42252;35558;93920;164778;141633;877835;56899;149256;1568149;7943;60378;55123;128511;203381;162183;901720;61055;169265;1749559;1135;7266;7004;17617;31103;28359;157135;12357;32593;294569
01/12/2015;3772;26951;24268;65698;118766;105772;705094;43859;99864;1194044;10295;76990;71946;149272;245140;202531;1133391;100770;495807;2486142;1121;7362;7261;17757;30898;30645;166615;14918;50972;327549
01/01/2016;7856;54522;47034;116259;216571;151387;989931;68327;249746;1901633;7313;48789;42247;99635;182961;140270;804637;55600;183921;1565373;1099;6880;6926;17951;30950;30102;159415;13053;39902;306278
01/02/2016;6233;51417;44095;112268;192530;160653;958581;73130;450372;2049279;10113;61688;48456;111304;200060;157703;875077;61364;201093;1726858;1012;7114;7385;19655;32287;31859;169020;15088;53964;337384
01/03/2016;6450;52456;46468;114064;251710;161150;1021708;73702;292806;2020514;9913;66396;56480;130925;212808;174840;997288;70129;222180;1940959;1151;7107;7447;19039;32599;31307;174515;15445;52218;340828
01/04/2016;6708;50828;43166;103180;174909;146341;928370;66657;228662;1748821;7920;51801;45656;109803;188695;153070;907327;63800;198706;1726778;957;6331;6732;16883;29423;27144;155167;13666;45477;301780
01/05/2016;8537;58096;51600;99549;168638;137028;887891;61013;202172;1674524;6629;50719;46871;111691;185843;149685;882739;61257;191624;1687058;1018;6096;6451;14975;26546;23790;141295;12401;41623;274195
01/06/2016;7404;54374;45059;96341;164943;131258;849950;60089;193528;1602946;6773;51056;46682;108409;183841;147848;863697;61605;202336;1672247;1053;6726;7118;14901;26103;23283;139168;12413;43119;273884
01/07/2016;5972;46763;36903;90850;160693;133283;857885;61370;209551;1603270;6949;52587;47049;106060;182038;147168;862796;61867;218999;1685513;968;6720;6675;14714;25833;22607;140419;12792;45358;276086
01/08/2016;7751;48434;36916;94558;160512;138808;878258;63974;229448;1658659;7136;54421;48940;106041;178493;140888;831388;60886;193298;1621491;978;6628;6426;15402;26839;23572;147874;13384;44945;286048
01/09/2016;9759;51480;34572;83752;142842;126291;804847;57634;174272;1485449;6661;49953;45144;98610;168538;135403;805922;58454;195959;1564644;945;6115;5928;14010;24481;22121;138106;12201;38654;262561
01/10/2016;6407;39430;30864;80303;138437;126176;794950;58500;171433;1446500;6579;51355;44541;101054;172909;135185;832645;58655;189703;1592626;939;5714;5539;13382;24046;21838;139345;11684;36991;259478
01/11/2016;4860;33343;29457;74910;131328;119419;817372;53294;143005;1406988;7212;54663;47576;107921;179250;138680;838189;58557;185994;1618042;824;5140;5214;12464;22308;20324;133609;11724;35006;246613
01/12/2016;3254;22056;20241;53550;101858;92099;678892;44813;118172;1134935;9494;68299;69620;134250;232144;179914;1166501;102862;605759;2568843;825;5498;5735;13451;24907;22957;152245;15593;63262;304473
01/01/2017;8460;56380;51268;115306;217724;155328;1135960;82236;382468;2205130;7901;49331;38623;86677;153690;122746;796649;56395;211135;1523147;809;5181;5487;14153;25713;23981;149216;13171;43277;280988
01/02/2017;6351;47608;41018;99173;175397;142312;979776;78971;474019;2044625;9236;53536;37880;87264;149807;124551;787762;56640;201443;1508119;774;5320;5248;14089;23993;23199;143225;13645;50388;279881
01/03/2017;6207;45650;39375;100293;224503;141073;1011477;74600;342658;1985836;7553;48817;45867;106124;179957;146613;914069;65563;222296;1736859;887;5818;6187;15811;29019;26101;170174;15938;56809;326744
01/04/2017;5551;44463;36014;87040;152005;127398;880428;63083;237147;1633129;5820;38855;34333;84941;143571;117756;770580;54992;179023;1429871;785;4627;4849;12901;22172;20515;140387;12951;43310;262497
01/05/2017;8324;55107;47401;91738;156347;128965;909810;64586;227573;1689851;5487;41619;39078;90570;157460;129654;835819;58880;196872;1555439;834;5661;5690;14098;24502;22447;152740;13629;46239;285840
01/06/2017;7271;52311;40436;87505;148539;122692;863921;62034;203115;1587824;5538;43424;37607;89021;154404;128081;812265;59049;213596;1542985;877;5924;5883;13567;23826;21310;149946;13685;48093;283111
01/07/2017;6146;43335;35098;86037;146007;127346;889241;63277;234994;1631481;6042;43156;38882;87989;153216;126937;828223;59648;247681;1591774;883;6053;5912;13904;23682;21298;150575;14057;48210;284574
01/08/2017;6705;45074;33092;85817;159567;135350;947318;71434;291707;1776064;6282;46975;42216;92886;158219;127027;837147;60800;213857;1585409;821;6409;5928;14197;25809;23170;164290;15382;53763;309769
01/09/2017;7782;46360;31936;83241;139094;123174;874008;64645;213396;1583636;5785;43107;39120;87081;152356;121129;806481;58889;193383;1507331;793;5840;5269;12840;28242;21569;153618;13872;43656;285699
01/10/2017;9980;46969;33172;80595;143799;130045;894990;64566;193603;1597719;5446;40324;35135;85435;147043;122674;803246;56848;185738;1481889;797;5324;5013;12641;23186;21405;156683;14002;42307;281358
01/11/2017;4748;33869;27656;72476;131715;117756;882733;59893;170183;1501029;5936;45805;39598;89771;153372;122333;815654;56547;174750;1503766;789;5349;4916;12153;22126;20496;151936;13715;40719;272199
01/12/2017;3325;23369;20571;53628;101298;92861;733285;48120;121652;1198109;7830;55568;53667;111660;192930;158820;1080452;95546;548106;2304579;814;5494;5116;12569;22690;22327;161267;15490;58318;304085
01/01/2018;7082;47691;41650;104962;193100;147392;1074756;76806;301232;1994671;6203;40908;32130;76758;136015;113574;781340;55765;196774;1439467;832;5536;5148;13697;24629;24251;165413;14598;50241;304345
01/02/2018;5511;43503;35035;89358;156568;138142;973510;77354;503729;2022710;8941;47894;36190;79356;141409;119894;796225;58809;212659;1501377;808;5052;5161;14039;26239;24095;161649;15649;57970;310662
01/03/2018;5752;45649;35864;95074;169125;141291;1057480;80604;332587;1963426;8990;53893;43065;96574;160024;133728;906125;66418;228307;1697124;901;5356;5521;14583;25650;25396;180612;17618;61866;337503
01/04/2018;6026;45003;37078;90019;152699;134924;980920;72619;271764;1791052;5878;39553;34707;83572;142720;122760;836849;61110;208435;1535584;788;5346;5114;13473;24528;23185;167553;15975;54632;310594
01/05/2018;7780;50680;41154;88611;146452;128720;938797;69339;238161;1709694;5640;41568;35823;89546;153484;128375;883527;62346;209237;1609546;836;5470;5083;13166;23293;22477;165600;15388;53864;305177
01/06/2018;7876;53864;38874;84318;134804;116328;855545;64458;221717;1577784;5361;41224;33985;82505;144391;123108;829499;60002;211368;1531443;902;5509;5261;12613;21922;20915;154284;14765;52221;288392
01/07/2018;6592;53005;35246;87599;142780;130467;897765;66767;235468;1655689;5335;39857;35550;82094;145071;123782;844701;61999;239551;1577940;984;5837;5657;13448;23087;22410;162660;15415;57506;307004
01/08/2018;8496;54020;36116;94937;153022;143453;1005333;79496;301922;1876795;6110;45549;38135;88006;148500;126197;856141;64032;219625;1592295;936;6644;5912;14414;24549;24156;177491;17580;61088;332770
01/09/2018;10115;56041;33093;84600;133859;128849;896199;69127;216279;1628162;5397;42535;35361;80824;136963;115627;797271;58925;194691;1467594;837;5877;4877;12637;21886;21732;159911;15127;49864;292748
01/10/2018;6041;42860;31810;86155;139769;139263;950947;70348;207374;1674567;6712;43878;37004;89258;147135;127040;873498;64688;204915;1594128;886;6174;5251;13786;24220;24040;177831;16236;50983;319407
01/11/2018;5009;36270;28468;78736;129624;127125;936606;66634;193455;1601927;6054;46264;37192;90506;146205;123338;846103;61078;195766;1552506;785;5557;4616;12617;21848;22131;163391;15043;45965;291953
01/12/2018;3894;25428;20407;56205;97672;97519;771198;51579;135382;1259284;7519;57442;54221;115598;196203;161675;1111289;92761;578036;2374744;778;5686;4950;13088;22666;23054;170810;16334;63657;321023
01/01/2019;7817;47547;34862;97071;169932;135530;1015859;73679;278148;1860445;6514;41072;30546;77298;129893;115043;835900;62324;229207;1527797;999;6031;5301;15326;25749;27400;188554;18189;56745;344294
01/02/2019;7595;45725;36192;93566;161383;150726;1083522;86965;534884;2200558;8736;46681;33820;79391;132531;117888;826991;64507;222670;1533215;921;5685;5225;15374;24502;26602;189804;19872;68042;356027
01/03/2019;6006;39034;29640;81315;136360;121431;933863;70013;289571;1707233;7778;45029;36697;86296;139475;123890;866188;64855;205213;1575421;931;5615;5225;14529;24199;25722;185302;19233;61046;341802
01/04/2019;6963;46003;33405;83958;137044;126145;980528;72492;254284;1740822;6051;37122;31459;79293;130953;116689;831606;61339;196373;1490885;961;5691;5188;14403;23861;24715;184061;18858;59417;337155
01/05/2019;8281;52004;38110;86923;135986;124171;933898;68391;229768;1677532;5746;41929;34117;85873;139439;122598;868276;63176;197213;1558367;970;6261;5318;14404;23942;24656;187707;18714;59471;341443
01/06/2019;7216;45198;32323;78190;122428;113666;863734;63671;194783;1521209;5865;37769;30848;78322;130791;116088;821545;60082;214190;1495500;998;5887;5160;13008;21532;21819;167822;16944;56802;309972
01/07/2019;6765;41670;29871;79889;129848;125801;922561;68509;229495;1634409;6123;39093;33144;79860;134739;120406;855005;63677;225571;1557618;1060;6244;5558;14105;23766;24506;187248;18960;61893;343340
01/08/2019;8417;45403;29793;80836;133567;129372;964033;73630;272287;1737338;6061;41446;32843;79391;127641;116184;832557;63147;203106;1502376;1024;6033;5119;14074;23258;24487;190607;19832;63836;348270
01/09/2019;10322;47841;30677;77050;124291;121309;919348;67524;209176;1607538;5576;36464;29529;75102;124102;113475;804047;59026;186905;1434226;1005;6277;4959;13604;23408;24128;187367;18244;57024;336016
01/10/2019;6849;38697;27997;76921;127175;129051;974705;68768;195204;1645367;5847;39480;34175;81469;134997;120290;881249;63945;192185;1553637;1163;6317;5781;14466;24815;26687;207197;19683;57173;363282
01/11/2019;5725;30795;24798;67995;117530;117818;951549;63279;168835;1548324;6265;40589;34138;82567;130846;116924;829060;58940;182090;1481419;1046;5430;5244;13488;22758;24126;191421;18099;51548;333160
01/12/2019;4003;21009;15775;48117;84222;84505;747193;47195;111219;1163238;8562;49804;44313;101557;169332;150252;1087941;92864;561811;2266436;977;5830;5044;13445;22792;24857;192602;18183;67853;351583
